{"id":"ec58136f-0afc-475e-ba5c-04b006ccf7fe","connectorTypeString":"S4HANA","accessMode":"READ","destinationName":"","gitAllowedExpressions":[],"gitDisallowedExpressions":[],"emailSubscribers":[],"name":"S4-my402232-source-joule","tenantId":"a8klhrtrr","state":"ENABLED","systemManagementType":"CUSTOMER_MANAGED","properties":{"ips.trace.skipped.entity":"true","ips.trace.skipped.entity.content":"true","s4hana.cloud.roles.filter":"cFLPExposure eq true","s4hana.cloud.api.version":"1","Authentication":"BasicAuthentication","ips.date.variable.format":"yyyy-MM-dd","ips.trace.failed.entity.content":"true","ProxyType":"Internet","s4hana.cloud.skip.read.archived":"true","Type":"HTTP","URL":"https://my402232.lab.s4hana.cloud.sap","User":"IPS_JOULE"},"encryptedProperties":{"Password":null},"automaticOutboundCertificateRenew":false,"transformationChanged":false,"readTransformationChanged":false,"writeTransformationChanged":false,"fromImport":false,"transformation":{"user":{"condition":"($.user.validityPeriod.startDate <= '${currentDate}') && ($.user.validityPeriod.endDate > '${currentDate}')","mappings":[{"sourcePath":"$.personID","targetVariable":"entityIdSourceSystem"},{"sourcePath":"$.personalInformation.firstName","optional":true,"targetPath":"$.name.givenName"},{"sourcePath":"$.personalInformation.lastName","optional":true,"targetPath":"$.name.familyName"},{"sourcePath":"$.personalInformation.middleName","optional":true,"targetPath":"$.name.middleName"},{"sourcePath":"$.personalInformation.personFullName","optional":true,"targetPath":"$.name.formatted"},{"sourcePath":"$.user.userName","optional":true,"targetPath":"$.userName","correlationAttribute":true},{"constant":true,"targetPath":"$.active"},{"condition":"$.user.lockedIndicator == 'true'","constant":false,"optional":true,"targetPath":"$.active"},{"sourcePath":"$.workplaceInformation.emailAddress","optional":true,"targetPath":"$.emails[0].value","correlationAttribute":true},{"sourcePath":"$.user.logonLanguageCode","optional":true,"targetPath":"$.locale"},{"sourcePath":"$.PersonExternalID","optional":true,"correlationAttribute":true},{"sourcePath":"$.user.globalUserID","optional":true,"targetPath":"$['urn:ietf:params:scim:schemas:extension:sap:2.0:User']['userUuid']"},{"sourcePath":"$.user.role","preserveArrayWithSingleElement":true,"targetPath":"$.groups","functions":[{"condition":"'%s4hana.cloud.roles.prefix%' !== 'null'","function":"concatString","applyOnElements":true,"prefix":"%s4hana.cloud.roles.prefix%","applyOnAttribute":"roleName","assignToAttribute":"display"},{"condition":"'%s4hana.cloud.roles.prefix%' === 'null'","function":"concatString","applyOnElements":true,"prefix":"","applyOnAttribute":"roleName","assignToAttribute":"display"},{"function":"concatString","applyOnElements":true,"prefix":"","applyOnAttribute":"roleName","assignToAttribute":"value"}]},{"targetPath":"$.groups[*].roleName","type":"remove"},{"targetPath":"$.timezone","type":"valueMapping","sourcePaths":["$.user.timeZoneCode"],"defaultValue":"Europe/Berlin","valueMappings":[{"key":["UTC"],"mappedValue":"Etc/UTC"},{"key":["EST"],"mappedValue":"America/New_York"},{"key":["UTC+8"],"mappedValue":"Asia/Shanghai"},{"key":["BRAZIL"],"mappedValue":"America/Sao_Paulo"},{"key":["MSTNO"],"mappedValue":"America/Phoenix"},{"key":["AUSNSW"],"mappedValue":"Australia/Sydney"},{"key":["BRZLEA"],"mappedValue":"America/Sao_Paulo"},{"key":["WDFT"],"mappedValue":"Europe/Berlin"},{"key":["JAPAN"],"mappedValue":"Asia/Tokyo"},{"key":["ISRAEL"],"mappedValue":"Asia/Jerusalem"},{"key":["UTC+4"],"mappedValue":"Asia/Dubai"},{"key":["EST_"],"mappedValue":"America/Toronto"},{"key":["RUS03"],"mappedValue":"Europe/Moscow"},{"key":["UTC+3"],"mappedValue":"Asia/Riyadh"}]},{"targetPath":"$.userType","type":"valueMapping","sourcePaths":["$.businessPartnerRoleCode"],"defaultValue":"Employee","valueMappings":[{"key":["BBP005"],"mappedValue":"Contingent Worker"},{"key":["BUP003"],"mappedValue":"Employee"}]}]},"group":{"mappings":[{"sourcePath":"$.ID","targetPath":"$.displayName","targetVariable":"entityIdSourceSystem","functions":[{"condition":"'%s4hana.cloud.roles.prefix%' !== 'null'","function":"concatString","prefix":"%s4hana.cloud.roles.prefix%"}]},{"constant":"urn:ietf:params:scim:schemas:core:2.0:Group","targetPath":"$.schemas[0]"},{"sourcePath":"$.to_BusinessUserAssignment.results","preserveArrayWithSingleElement":true,"optional":true,"targetPath":"$.members"},{"targetPath":"$.members[*].__metadata","type":"remove"},{"targetPath":"$.members[*].UserName","type":"remove"},{"constant":"value","targetPath":"$.members[*].PersonID","type":"rename"},{"constant":"User","targetPath":"$.members[*].type"}]}},"gitFetchAllowed":false}